{"name":"bb88267d-7c56-4e8e-bea9-8cffa10df0e2","id":"/providers/Microsoft.Flow/flows/bb88267d-7c56-4e8e-bea9-8cffa10df0e2","type":"Microsoft.Flow/flows","properties":{"apiId":"/providers/Microsoft.PowerApps/apis/shared_logicflows","displayName":"Syllabus Summarizer Manual Automate","definition":{"metadata":{"workflowEntityId":null,"processAdvisorMetadata":null,"flowChargedByPaygo":null,"flowclientsuspensionreason":"None","flowclientsuspensiontime":null,"flowclientsuspensionreasondetails":null,"creator":{"id":"e4db7f4a-75bd-4f6c-88ea-8c2cd3851eb6","type":"User","tenantId":"5217e0e7-539d-4563-b1bf-7c6dcf074f91"},"provisioningMethod":"FromDefinition","failureAlertSubscription":true,"clientLastModifiedTime":"2025-04-15T03:25:52.0587229Z","connectionKeySavedTimeKey":"2025-04-15T03:25:52.0587229Z","creationSource":"Portal","modifiedSources":"Portal"},"$schema":"https://schema.management.azure.com/providers/Microsoft.Logic/schemas/2016-06-01/workflowdefinition.json#","contentVersion":"1.0.0.0","parameters":{"$authentication":{"defaultValue":{},"type":"SecureObject"},"$connections":{"defaultValue":{},"type":"Object"}},"triggers":{"When_a_file_is_created":{"recurrence":{"interval":15,"frequency":"Second","timeZone":"Mountain Standard Time"},"metadata":{"6e202211-2856-4d17-9ded-5beb8b8626b0":"/","b!BL8sYcj0BEGjAxYsK8aBBpy-K6UG5l1AvB_q2uU_gT0DD-v_iqGVR4qnsjsgyJzI.01LRB4DHDYI7QE7RN3QRFK6Z5QELZRJWRM":"/Syllabus Summarizer Folder"},"type":"OpenApiConnection","inputs":{"parameters":{"folderId":"b!BL8sYcj0BEGjAxYsK8aBBpy-K6UG5l1AvB_q2uU_gT0DD-v_iqGVR4qnsjsgyJzI.01LRB4DHDYI7QE7RN3QRFK6Z5QELZRJWRM","includeSubfolders":false,"inferContentType":true},"host":{"apiId":"/providers/Microsoft.PowerApps/apis/shared_onedriveforbusiness","connectionName":"shared_onedriveforbusiness","operationId":"OnNewFileV2"},"authentication":"@parameters('$authentication')"}}},"actions":{"Create_text_with_GPT_using_a_prompt":{"runAfter":{},"metadata":{"flowSystemMetadata":{"portalOperationId":"aibuilderpredict_customprompt","portalOperationGroup":"aibuilder","portalOperationApiDisplayNameOverride":"AI Builder","portalOperationIconOverride":"https://content.powerapps.com/resource/makerx/static/pauto/images/designeroperations/aiBuilderNew.51dbdb6b.png","portalOperationBrandColorOverride":"#0A76C4","portalOperationApiTierOverride":"Standard"}},"type":"OpenApiConnection","inputs":{"parameters":{"recordId":"493e9e09-0a53-45f4-936f-d2879b5031ba","item/requestv2/Syllabus_20PDF/base64Encoded":"@base64(triggerBody())"},"host":{"apiId":"/providers/Microsoft.PowerApps/apis/shared_commondataserviceforapps","connectionName":"shared_commondataserviceforapps","operationId":"aibuilderpredict_customprompt"},"authentication":"@parameters('$authentication')"}},"HTML_File_Creation_-_Create_File":{"runAfter":{"Create_text_with_GPT_using_a_prompt":["Succeeded"]},"type":"OpenApiConnection","inputs":{"parameters":{"folderPath":"/Syllabus Summarizer Folder/Summaries/Temp","name":"@{concat('summary_', utcNow(), '.html')}\n","body":"<html>\n  <body>\n    @{outputs('Create_text_with_GPT_using_a_prompt')?['body/responsev2/predictionOutput/text']}\n  </body>\n</html>"},"host":{"apiId":"/providers/Microsoft.PowerApps/apis/shared_onedriveforbusiness","connectionName":"shared_onedriveforbusiness","operationId":"CreateFile"},"authentication":"@parameters('$authentication')"},"runtimeConfiguration":{"contentTransfer":{"transferMode":"Chunked"}}},"Convert_Temp_HTML_To_PDF_-_Convert_File":{"runAfter":{"HTML_File_Creation_-_Create_File":["Succeeded"]},"type":"OpenApiConnection","inputs":{"parameters":{"id":"@outputs('HTML_File_Creation_-_Create_File')?['body/Id']","type":"PDF"},"host":{"apiId":"/providers/Microsoft.PowerApps/apis/shared_onedriveforbusiness","connectionName":"shared_onedriveforbusiness","operationId":"ConvertFile"},"authentication":"@parameters('$authentication')"}},"PDF_File_Creation_-_Create_File":{"runAfter":{"Convert_Temp_HTML_To_PDF_-_Convert_File":["Succeeded"]},"type":"OpenApiConnection","inputs":{"parameters":{"folderPath":"/Syllabus Summarizer Folder/Summaries","name":"@{concat(\r\n  join(\r\n    take(\r\n      split(triggerOutputs()?['headers']['x-ms-file-name'], '.'),\r\n      sub(length(split(triggerOutputs()?['headers']['x-ms-file-name'], '.')), 1)\r\n    ),\r\n    '.'\r\n  ),\r\n  '_summary_', formatDateTime(utcNow(), 'yyyyMMddHHmmss'), '.pdf'\r\n)\r\n}\n","body":"@body('Convert_Temp_HTML_To_PDF_-_Convert_File')"},"host":{"apiId":"/providers/Microsoft.PowerApps/apis/shared_onedriveforbusiness","connectionName":"shared_onedriveforbusiness","operationId":"CreateFile"},"authentication":"@parameters('$authentication')"},"runtimeConfiguration":{"contentTransfer":{"transferMode":"Chunked"}}},"Delete_Temp_HTML_File_-_Delete_File":{"runAfter":{"Send_an_email_(V2)":["Succeeded"]},"type":"OpenApiConnection","inputs":{"parameters":{"id":"@outputs('HTML_File_Creation_-_Create_File')?['body/Id']"},"host":{"apiId":"/providers/Microsoft.PowerApps/apis/shared_onedriveforbusiness","connectionName":"shared_onedriveforbusiness","operationId":"DeleteFile"},"authentication":"@parameters('$authentication')"}},"Send_an_email_(V2)":{"runAfter":{"Get_my_profile_(V2)":["Succeeded"]},"type":"OpenApiConnection","inputs":{"parameters":{"emailMessage/To":"@outputs('Get_my_profile_(V2)')?['body/mail']","emailMessage/Subject":"Your Syllabus Summary – @{split(triggerOutputs()?['headers']['x-ms-file-name'], '.')[0]}\n","emailMessage/Body":"<p class=\"editor-paragraph\">Hi,<br><br>Attached is the AI-generated summary of your uploaded syllabus file:<br>@{concat(\r\n  join(\r\n    take(\r\n      split(triggerOutputs()?['headers']['x-ms-file-name'], '.'),\r\n      sub(length(split(triggerOutputs()?['headers']['x-ms-file-name'], '.')), 1)\r\n    ),\r\n    '.'\r\n  ),\r\n  '_summary.pdf'\r\n)\r\n}<br><br>This summary is designed to highlight key course details, learning outcomes, technologies covered, and relevant job roles — making it quicker to review and share with students or colleagues.<br><br>Cheers,<br><b><strong class=\"editor-text-bold\">AI Academic Assistant</strong></b><br>David Eccles School of Business - University of Utah</p><br>","emailMessage/Attachments":[{"Name":"@{concat(\r\n  join(\r\n    take(\r\n      split(triggerOutputs()?['headers']['x-ms-file-name'], '.'),\r\n      sub(length(split(triggerOutputs()?['headers']['x-ms-file-name'], '.')), 1)\r\n    ),\r\n    '.'\r\n  ),\r\n  '_summary.pdf'\r\n)\r\n}","ContentBytes":"@body('Convert_Temp_HTML_To_PDF_-_Convert_File')"}],"emailMessage/Importance":"Normal"},"host":{"apiId":"/providers/Microsoft.PowerApps/apis/shared_office365","connectionName":"shared_office365","operationId":"SendEmailV2"},"authentication":"@parameters('$authentication')"}},"Get_my_profile_(V2)":{"runAfter":{"PDF_File_Creation_-_Create_File":["Succeeded"]},"type":"OpenApiConnection","inputs":{"host":{"apiId":"/providers/Microsoft.PowerApps/apis/shared_office365users","connectionName":"shared_office365users","operationId":"MyProfile_V2"},"authentication":"@parameters('$authentication')"}}},"outputs":{},"description":""},"connectionReferences":{"shared_onedriveforbusiness":{"connectionName":"shared-onedriveforbu-5bbab0cd-064b-4c34-877a-68bf5e953be2","source":"Embedded","id":"/providers/Microsoft.PowerApps/apis/shared_onedriveforbusiness","tier":"NotSpecified","apiName":"onedriveforbusiness"},"shared_commondataserviceforapps":{"connectionName":"shared-commondataser-61ca976d-fdd0-45cb-b36e-2bd6aaeb37b5","source":"Embedded","id":"/providers/Microsoft.PowerApps/apis/shared_commondataserviceforapps","tier":"NotSpecified","apiName":"commondataserviceforapps"},"shared_office365":{"connectionName":"shared-office365-23d7f2d1-9fc6-4223-a094-aab5e5de67e8","source":"Embedded","id":"/providers/Microsoft.PowerApps/apis/shared_office365","tier":"NotSpecified","apiName":"office365"},"shared_office365users":{"connectionName":"shared-office365user-ed9fe132-4fd0-4af9-a929-bf3925ac0f21","source":"Embedded","id":"/providers/Microsoft.PowerApps/apis/shared_office365users","tier":"NotSpecified","apiName":"office365users"}},"flowFailureAlertSubscribed":false,"isManaged":false}}