{"name":"339a483b-3321-4808-ad2a-03547fbba6a2","id":"/providers/Microsoft.Flow/flows/339a483b-3321-4808-ad2a-03547fbba6a2","type":"Microsoft.Flow/flows","properties":{"apiId":"/providers/Microsoft.PowerApps/apis/shared_logicflows","displayName":"Syllabus Summarizer Forms","definition":{"metadata":{"workflowEntityId":null,"processAdvisorMetadata":null,"flowChargedByPaygo":null,"flowclientsuspensionreason":"None","flowclientsuspensiontime":null,"flowclientsuspensionreasondetails":null,"creator":{"id":"e4db7f4a-75bd-4f6c-88ea-8c2cd3851eb6","type":"User","tenantId":"5217e0e7-539d-4563-b1bf-7c6dcf074f91"},"provisioningMethod":"FromDefinition","failureAlertSubscription":true,"clientLastModifiedTime":"2025-04-15T04:51:02.8241462Z","connectionKeySavedTimeKey":"2025-04-15T04:51:02.8241462Z","creationSource":null,"modifiedSources":"Portal"},"$schema":"https://schema.management.azure.com/providers/Microsoft.Logic/schemas/2016-06-01/workflowdefinition.json#","contentVersion":"1.0.0.0","parameters":{"$authentication":{"defaultValue":{},"type":"SecureObject"},"$connections":{"defaultValue":{},"type":"Object"}},"triggers":{"When_a_new_response_is_submitted":{"splitOn":"@triggerOutputs()?['body/value']","type":"OpenApiConnectionWebhook","inputs":{"parameters":{"form_id":"5-AXUp1TY0Wxv3xtzwdPkUp_2-S9dWxPiOqMLNOFHrZURDRJOUgxM1NPTU5ZRkVJN1AzNzVJQlNaRC4u"},"host":{"apiId":"/providers/Microsoft.PowerApps/apis/shared_microsoftforms","connectionName":"shared_microsoftforms","operationId":"CreateFormWebhook"},"authentication":"@parameters('$authentication')"}}},"actions":{"Get_response_details":{"runAfter":{},"type":"OpenApiConnection","inputs":{"parameters":{"form_id":"5-AXUp1TY0Wxv3xtzwdPkUp_2-S9dWxPiOqMLNOFHrZURDRJOUgxM1NPTU5ZRkVJN1AzNzVJQlNaRC4u","response_id":"@triggerOutputs()?['body/resourceData/responseId']"},"host":{"apiId":"/providers/Microsoft.PowerApps/apis/shared_microsoftforms","connectionName":"shared_microsoftforms","operationId":"GetFormResponseById"},"authentication":"@parameters('$authentication')"}},"Parse_JSON":{"runAfter":{"Get_response_details":["Succeeded"]},"type":"ParseJson","inputs":{"content":"@outputs('Get_response_details')?['body/ra0fcfbc49b4741ddb93cc68f43892696']","schema":{"type":"array","items":{"type":"object","properties":{"name":{"type":"string"},"link":{"type":"string"},"id":{"type":"string"},"type":{"type":["string","null"]},"size":{"type":"integer"},"referenceId":{"type":"string"},"driveId":{"type":"string"},"status":{"type":"integer"},"uploadSessionUrl":{"type":["string","null"]}},"required":["name","link","id"]}}}},"For_each":{"foreach":"@outputs('Parse_JSON')['body']","actions":{"Get_file_content":{"type":"OpenApiConnection","inputs":{"parameters":{"id":"@items('For_each')['id']","inferContentType":true},"host":{"apiId":"/providers/Microsoft.PowerApps/apis/shared_onedriveforbusiness","connectionName":"shared_onedriveforbusiness","operationId":"GetFileContent"},"authentication":"@parameters('$authentication')"}},"Create_text_with_GPT_using_a_prompt":{"runAfter":{"Get_file_content":["Succeeded"]},"metadata":{"flowSystemMetadata":{"portalOperationId":"aibuilderpredict_customprompt","portalOperationGroup":"aibuilder","portalOperationApiDisplayNameOverride":"AI Builder","portalOperationIconOverride":"https://content.powerapps.com/resource/makerx/static/pauto/images/designeroperations/aiBuilderNew.51dbdb6b.png","portalOperationBrandColorOverride":"#0A76C4","portalOperationApiTierOverride":"Standard"}},"type":"OpenApiConnection","inputs":{"parameters":{"recordId":"493e9e09-0a53-45f4-936f-d2879b5031ba","item/requestv2/Syllabus_20PDF/base64Encoded":"@body('Get_file_content')"},"host":{"apiId":"/providers/Microsoft.PowerApps/apis/shared_commondataserviceforapps","connectionName":"shared_commondataserviceforapps","operationId":"aibuilderpredict_customprompt"},"authentication":"@parameters('$authentication')"}},"HTML_File_Creation_-_Create_File":{"runAfter":{"Create_text_with_GPT_using_a_prompt":["Succeeded"]},"type":"OpenApiConnection","inputs":{"parameters":{"folderPath":"/Syllabus Summarizer Folder/Summaries/Temp","name":"@{concat('summary_', utcNow(), '.html')}\n","body":"<html>\n  <body>\n    @{outputs('Create_text_with_GPT_using_a_prompt')?['body/responsev2/predictionOutput/text']}\n  </body>\n</html>"},"host":{"apiId":"/providers/Microsoft.PowerApps/apis/shared_onedriveforbusiness","connectionName":"shared_onedriveforbusiness","operationId":"CreateFile"},"authentication":"@parameters('$authentication')"},"runtimeConfiguration":{"contentTransfer":{"transferMode":"Chunked"}}},"Convert_Temp_HTML_To_PDF_-_Convert_File":{"runAfter":{"HTML_File_Creation_-_Create_File":["Succeeded"]},"type":"OpenApiConnection","inputs":{"parameters":{"id":"@outputs('HTML_File_Creation_-_Create_File')?['body/Id']","type":"PDF"},"host":{"apiId":"/providers/Microsoft.PowerApps/apis/shared_onedriveforbusiness","connectionName":"shared_onedriveforbusiness","operationId":"ConvertFile"},"authentication":"@parameters('$authentication')"}},"Send_an_email_(V2)":{"runAfter":{"Convert_Temp_HTML_To_PDF_-_Convert_File":["Succeeded"]},"type":"OpenApiConnection","inputs":{"parameters":{"emailMessage/To":"@outputs('Get_response_details')?['body/responder']","emailMessage/Subject":"Your Syllabus Summary – @{concat('Syllabus Summary – ', split(split(body('Parse_JSON')?[0]['name'], '_')[0], '.')[0])}\n","emailMessage/Body":"<p class=\"editor-paragraph\">Hi,<br><br>Attached is the AI-generated summary of your uploaded syllabus file:<br>@{concat(split(split(body('Parse_JSON')?[0]['name'], '_')[0], '.')[0], '_summary.pdf')}<br><br>This summary is designed to highlight key course details, learning outcomes, technologies covered, and relevant job roles — making it quicker to review and share with students or colleagues.<br><br>Cheers,<br><b><strong class=\"editor-text-bold\">AI Academic Assistant</strong></b><br>David Eccles School of Business - University of Utah</p><br>","emailMessage/Attachments":[{"Name":"@{concat(split(split(body('Parse_JSON')?[0]['name'], '_')[0], '.')[0], '_summary.pdf')}","ContentBytes":"@body('Convert_Temp_HTML_To_PDF_-_Convert_File')"}],"emailMessage/Importance":"Normal"},"host":{"apiId":"/providers/Microsoft.PowerApps/apis/shared_office365","connectionName":"shared_office365","operationId":"SendEmailV2"},"authentication":"@parameters('$authentication')"}},"Delete_Temp_HTML_File_-_Delete_File":{"runAfter":{"Send_an_email_(V2)":["Succeeded"]},"type":"OpenApiConnection","inputs":{"parameters":{"id":"@outputs('HTML_File_Creation_-_Create_File')?['body/Id']"},"host":{"apiId":"/providers/Microsoft.PowerApps/apis/shared_onedriveforbusiness","connectionName":"shared_onedriveforbusiness","operationId":"DeleteFile"},"authentication":"@parameters('$authentication')"}},"Delete_Forms_File_-_File":{"runAfter":{"Delete_Temp_HTML_File_-_Delete_File":["Succeeded"]},"type":"OpenApiConnection","inputs":{"parameters":{"id":"@item()['id']"},"host":{"apiId":"/providers/Microsoft.PowerApps/apis/shared_onedriveforbusiness","connectionName":"shared_onedriveforbusiness","operationId":"DeleteFile"},"authentication":"@parameters('$authentication')"}}},"runAfter":{"Parse_JSON":["Succeeded"]},"type":"Foreach"}},"outputs":{},"description":""},"connectionReferences":{"shared_microsoftforms":{"connectionName":"shared-microsoftform-078c8297-1c26-498a-a4d3-47050af28327","source":"Embedded","id":"/providers/Microsoft.PowerApps/apis/shared_microsoftforms","tier":"NotSpecified","apiName":"microsoftforms"},"shared_onedriveforbusiness":{"connectionName":"shared-onedriveforbu-5bbab0cd-064b-4c34-877a-68bf5e953be2","source":"Embedded","id":"/providers/Microsoft.PowerApps/apis/shared_onedriveforbusiness","tier":"NotSpecified","apiName":"onedriveforbusiness"},"shared_commondataserviceforapps":{"connectionName":"shared-commondataser-61ca976d-fdd0-45cb-b36e-2bd6aaeb37b5","source":"Embedded","id":"/providers/Microsoft.PowerApps/apis/shared_commondataserviceforapps","tier":"NotSpecified","apiName":"commondataserviceforapps"},"shared_office365":{"connectionName":"shared-office365-23d7f2d1-9fc6-4223-a094-aab5e5de67e8","source":"Embedded","id":"/providers/Microsoft.PowerApps/apis/shared_office365","tier":"NotSpecified","apiName":"office365"}},"flowFailureAlertSubscribed":false,"isManaged":false}}